{
  "Routes": [
    {
      "DownstreamPathTemplate": "/users/{id}",
      "DownstreamScheme": "http",
      "DownstreamHostAndPorts": [
        {
          "Host": "userservice",
          "Port": 9900
        }
      ],
      "UpstreamPathTemplate": "/api/users/{id}",
      "UpstreamHttpMethod": [ "GET" ],
      "AuthenticationOptions": {
        "AuthenticationProviderKey": "Bearer"
      }
    },
    {
      "DownstreamPathTemplate": "/users/{id}/orders",
      "DownstreamScheme": "http",
      "DownstreamHostAndPorts": [
        {
          "Host": "userservice",
          "Port": 9900
        }
      ],
      "UpstreamPathTemplate": "/api/users/{id}/orders",
      "UpstreamHttpMethod": [ "GET" ],
      "AuthenticationOptions": {
        "AuthenticationProviderKey": "Bearer"
      }
    },
    {
      "DownstreamPathTemplate": "/orders/{id}",
      "DownstreamScheme": "http",
      "DownstreamHostAndPorts": [
        {
          "Host": "orderservice",
          "Port": 9901
        }
      ],
      "UpstreamPathTemplate": "/api/orders/{id}",
      "UpstreamHttpMethod": [ "GET" ]
    },
    {
      "DownstreamPathTemplate": "/auth/login",
      "DownstreamScheme": "http",
      "DownstreamHostAndPorts": [
        {
          "Host": "userservice",
          "Port": 9900
        }
      ],
      "UpstreamPathTemplate": "/api/auth/login",
      "UpstreamHttpMethod": [ "POST" ]
    },
    {
      "DownstreamPathTemplate": "/health",
      "DownstreamScheme": "http",
      "DownstreamHostAndPorts": [
        {
          "Host": "userservice",
          "Port": 9900
        }
      ],
      "UpstreamPathTemplate": "/api/users/health",
      "UpstreamHttpMethod": [ "GET" ]
    },
    {
      "DownstreamPathTemplate": "/health",
      "DownstreamScheme": "http",
      "DownstreamHostAndPorts": [
        {
          "Host": "orderservice",
          "Port": 9901
        }
      ],
      "UpstreamPathTemplate": "/api/orders/health",
      "UpstreamHttpMethod": [ "GET" ]
    }
  ],
  "GlobalConfiguration": {
    "BaseUrl": "http://localhost:9009"
  }
}